case_id,intent,has_retrieval,recall_at_k,recall_at_1,recall_at_3,mrr,rank_positions,retrieved_top5,passed
factual_dogs_name,factual_recall,True,1.0,1.0,1.0,1.0,[1],"['mem_conv_dog', 'mem_conv_cat', 'mem_conv_dog_vet', 'mem_conv_python', 'mem_conv_brother_job']",True
factual_language_preference,factual_recall,True,1.0,1.0,1.0,1.0,[1],"['mem_conv_python', 'mem_conv_python_types', 'mem_conv_python_testing', 'mem_conv_python_web', 'mem_conv_debug']",True
factual_sister_birthday,factual_recall,True,1.0,1.0,1.0,1.0,[1],"['mem_conv_family', 'mem_conv_mom_visit', 'mem_conv_dog', 'mem_conv_project_auth', 'mem_conv_brother_job']",True
factual_brother_job,factual_recall,True,1.0,1.0,1.0,1.0,[1],"['mem_conv_brother_job', 'mem_conv_dog', 'mem_conv_python', 'mem_conv_cat', 'mem_conv_stress']",True
factual_cat_name,factual_recall,True,1.0,1.0,1.0,1.0,[1],"['mem_conv_cat', 'mem_conv_dog', 'mem_conv_cat_mochi_hiding', 'mem_conv_dog_vet', 'mem_conv_brother_job']",True
factual_girlfriend_name,factual_recall,True,1.0,1.0,1.0,1.0,[1],"['mem_conv_relationship_worry', 'mem_conv_dog', 'mem_conv_stress', 'mem_conv_brother_job', 'mem_conv_cat']",True
factual_web_framework,factual_recall,True,1.0,1.0,1.0,1.0,[1],"['mem_conv_python_web', 'mem_conv_cors_fix', 'mem_conv_api', 'mem_conv_project_auth', 'mem_conv_python']",True
factual_apartment_lease,factual_recall,True,1.0,1.0,1.0,1.0,[1],"['mem_conv_apartment', 'mem_conv_project_auth', 'mem_conv_mom_visit', 'mem_conv_cat', 'mem_conv_api']",True
factual_mom_visit,factual_recall,True,1.0,1.0,1.0,1.0,[1],"['mem_conv_mom_visit', 'mem_conv_dog_vet', 'mem_conv_cat', 'mem_conv_stress', 'mem_conv_good_therapy_session']",True
factual_promotion_date,factual_recall,True,1.0,1.0,1.0,1.0,[1],"['mem_conv_promotion', 'mem_conv_project_auth', 'mem_conv_stress', 'mem_conv_mom_visit', 'mem_conv_api']",True
temporal_recent_today,temporal_recall,True,1.0,0.5,1.0,1.0,"[2, 1]","['mem_conv_greeting', 'mem_conv_dog', 'mem_conv_project_auth', 'mem_conv_stress', 'mem_conv_python']",True
temporal_last_week,temporal_recall,True,1.0,1.0,1.0,1.0,[1],"['mem_sum_week1', 'mem_conv_diet_change', 'mem_conv_weather', 'mem_conv_anxiety', 'mem_conv_weekend']",True
temporal_yesterday_events,temporal_recall,True,1.0,1.0,1.0,1.0,[1],"['mem_conv_yesterday_meeting', 'mem_sum_recent', 'mem_conv_dog_vet', 'mem_conv_relationship_worry', 'mem_conv_back_pain']",True
temporal_this_weekend,temporal_recall,True,1.0,0.0,1.0,0.5,[2],"['mem_conv_anxiety', 'mem_conv_saturday_run', 'mem_conv_cat', 'mem_conv_podcast', 'mem_conv_sister_gift']",True
temporal_last_month,temporal_recall,True,1.0,1.0,1.0,1.0,[1],"['mem_conv_last_month_trip', 'mem_conv_dad_retirement', 'mem_conv_anxiety', 'mem_conv_cat', 'mem_conv_project_deploy']",True
temporal_recent_therapy,temporal_recall,True,1.0,1.0,1.0,1.0,[1],"['mem_conv_good_therapy_session', 'mem_conv_dog', 'mem_conv_back_pain', 'mem_conv_python', 'mem_conv_project_auth']",True
temporal_how_long_gym,temporal_recall,True,1.0,1.0,1.0,1.0,[1],"['mem_conv_gym', 'mem_conv_diet_change', 'mem_conv_sleep_tracker', 'mem_conv_work_burnout', 'mem_conv_stress']",True
temporal_progression_health,temporal_recall,True,1.0,0.0,1.0,0.5,[2],"['mem_conv_diet_change', 'mem_sum_health_focus', 'mem_refl_health_awareness', 'mem_conv_work_burnout', 'mem_conv_stress']",True
emotional_stressed_at_work,emotional_support,True,1.0,1.0,1.0,1.0,[1],"['mem_conv_stress', 'mem_conv_work_burnout', 'mem_conv_feeling_better', 'mem_conv_good_therapy_session', 'mem_conv_greeting']",True
emotional_anxious_cant_sleep,emotional_support,True,1.0,1.0,1.0,1.0,[1],"['mem_conv_anxiety', 'mem_conv_sleep_tracker', 'mem_conv_good_therapy_session', 'mem_conv_stress', 'mem_conv_greeting']",True
emotional_burnout_quitting,emotional_support,True,1.0,1.0,1.0,1.0,[1],"['mem_conv_work_burnout', 'mem_conv_stress', 'mem_conv_good_therapy_session', 'mem_conv_feeling_better', 'mem_conv_anxiety']",True
emotional_social_situation,emotional_support,True,1.0,1.0,1.0,1.0,[1],"['mem_conv_social_anxiety', 'mem_conv_anxiety', 'mem_conv_stress', 'mem_conv_feeling_better', 'mem_conv_work_burnout']",True
emotional_relationship_struggling,emotional_support,True,1.0,1.0,1.0,1.0,[1],"['mem_conv_relationship_worry', 'mem_conv_feeling_better', 'mem_conv_work_burnout', 'mem_conv_stress', 'mem_conv_good_therapy_session']",True
emotional_therapy_progress,emotional_support,True,1.0,1.0,1.0,1.0,[1],"['mem_conv_good_therapy_session', 'mem_conv_feeling_better', 'mem_conv_back_pain', 'mem_conv_work_burnout', 'mem_conv_stress']",True
emotional_health_worry,emotional_support,True,1.0,1.0,1.0,1.0,[1],"['mem_conv_anxiety', 'mem_conv_stress', 'mem_conv_back_pain', 'mem_conv_good_therapy_session', 'mem_conv_feeling_better']",True
emotional_feeling_better_now,emotional_support,True,1.0,1.0,1.0,1.0,[1],"['mem_conv_feeling_better', 'mem_conv_stress', 'mem_conv_good_therapy_session', 'mem_conv_greeting', 'mem_conv_back_pain']",True
emotional_sleep_and_anxiety,emotional_support,True,1.0,0.5,1.0,1.0,"[1, 3]","['mem_conv_anxiety', 'mem_conv_stress', 'mem_conv_good_therapy_session', 'mem_conv_greeting', 'mem_conv_sleep_tracker']",True
emotional_work_conflict_stress,emotional_support,True,1.0,0.0,0.0,0.125,[8],"['mem_conv_stress', 'mem_conv_work_burnout', 'mem_conv_back_pain', 'mem_conv_feeling_better', 'mem_conv_good_therapy_session']",True
casual_thanks,casual_social,False,0.0,0.0,0.0,0.0,[],"['mem_conv_feeling_better', 'mem_conv_greeting', 'mem_conv_stress', 'mem_conv_good_therapy_session']",True
casual_good_morning,casual_social,False,0.0,0.0,0.0,0.0,[],"['mem_conv_greeting', 'mem_conv_feeling_better', 'mem_conv_good_therapy_session', 'mem_conv_stress']",True
casual_goodbye,casual_social,False,0.0,0.0,0.0,0.0,[],"['mem_conv_greeting', 'mem_conv_feeling_better', 'mem_conv_stress', 'mem_conv_project_auth']",True
casual_hey_sup,casual_social,False,0.0,0.0,0.0,0.0,[],"['mem_conv_greeting', 'mem_conv_feeling_better', 'mem_conv_stress', 'mem_conv_good_therapy_session']",True
casual_nice_response,casual_social,False,0.0,0.0,0.0,0.0,[],"['mem_conv_greeting', 'mem_conv_feeling_better', 'mem_conv_good_therapy_session', 'mem_conv_stress']",True
casual_yeah_ok,casual_social,False,0.0,0.0,0.0,0.0,[],"['mem_conv_greeting', 'mem_conv_feeling_better', 'mem_conv_stress', 'mem_conv_api']",True
casual_lol,casual_social,False,0.0,0.0,0.0,0.0,[],"['mem_conv_stress', 'mem_conv_feeling_better', 'mem_conv_good_therapy_session', 'mem_conv_greeting']",True
casual_good_night,casual_social,False,0.0,0.0,0.0,0.0,[],"['mem_conv_greeting', 'mem_conv_feeling_better', 'mem_conv_good_therapy_session', 'mem_conv_stress']",True
technical_segfault_debug,technical_help,True,1.0,1.0,1.0,1.0,[1],"['mem_conv_debug', 'mem_conv_greeting', 'mem_conv_stress', 'mem_conv_python', 'mem_conv_project_auth']",True
technical_python_async,technical_help,True,1.0,1.0,1.0,1.0,[1],"['mem_conv_async', 'mem_conv_python_types', 'mem_conv_python', 'mem_conv_greeting', 'mem_conv_project_auth']",True
technical_docker_crash,technical_help,True,1.0,1.0,1.0,1.0,[1],"['mem_conv_docker_debug', 'mem_conv_debug', 'mem_conv_greeting', 'mem_conv_stress', 'mem_conv_project_dashboard']",True
technical_slow_query,technical_help,True,1.0,1.0,1.0,1.0,[1],"['mem_conv_sql_optimization', 'mem_conv_greeting', 'mem_conv_project_auth', 'mem_conv_stress', 'mem_conv_python']",True
technical_cors_issue,technical_help,True,1.0,1.0,1.0,1.0,[1],"['mem_conv_cors_fix', 'mem_conv_project_dashboard', 'mem_conv_greeting', 'mem_conv_project_auth', 'mem_conv_api']",True
technical_python_testing,technical_help,True,1.0,1.0,1.0,1.0,[1],"['mem_conv_python_testing', 'mem_conv_python_types', 'mem_conv_python', 'mem_conv_greeting', 'mem_conv_api']",True
technical_type_hints,technical_help,True,1.0,1.0,1.0,1.0,[1],"['mem_conv_python_types', 'mem_conv_python_testing', 'mem_conv_python', 'mem_conv_greeting', 'mem_conv_project_auth']",True
technical_git_history,technical_help,True,1.0,1.0,1.0,1.0,[1],"['mem_conv_git_rebase', 'mem_conv_greeting', 'mem_conv_stress', 'mem_conv_project_auth', 'mem_conv_api']",True
technical_python_packaging,technical_help,True,1.0,1.0,1.0,1.0,[1],"['mem_conv_python_packaging', 'mem_conv_python_types', 'mem_conv_python_testing', 'mem_conv_python', 'mem_conv_project_auth']",True
technical_back_pain,technical_help,True,1.0,1.0,1.0,1.0,[1],"['mem_conv_back_pain', 'mem_conv_greeting', 'mem_conv_good_therapy_session', 'mem_conv_feeling_better', 'mem_conv_stress']",True
creative_dashboard_ideas,creative_exploration,True,1.0,1.0,1.0,1.0,[1],"['mem_conv_brainstorm', 'mem_conv_project_dashboard', 'mem_conv_stress', 'mem_conv_project_auth', 'mem_conv_greeting']",True
creative_new_features,creative_exploration,True,1.0,1.0,1.0,1.0,[1],"['mem_conv_brainstorm', 'mem_conv_project_auth', 'mem_conv_python', 'mem_conv_greeting', 'mem_conv_stress']",True
creative_ux_improvements,creative_exploration,True,1.0,1.0,1.0,1.0,[1],"['mem_conv_brainstorm', 'mem_conv_work_burnout', 'mem_conv_good_therapy_session', 'mem_conv_stress', 'mem_conv_feeling_better']",True
creative_api_design,creative_exploration,True,1.0,1.0,1.0,1.0,[1],"['mem_conv_api', 'mem_conv_brainstorm', 'mem_conv_project_auth', 'mem_conv_python', 'mem_conv_stress']",True
creative_architecture_ideas,creative_exploration,True,1.0,1.0,1.0,1.0,[1],"['mem_conv_project_deploy', 'mem_conv_project_auth', 'mem_conv_api', 'mem_conv_greeting', 'mem_conv_stress']",True
creative_weekend_plans,creative_exploration,True,1.0,1.0,1.0,1.0,[1],"['mem_conv_weekend', 'mem_conv_brainstorm', 'mem_conv_greeting', 'mem_conv_good_therapy_session', 'mem_conv_stress']",True
creative_gift_brainstorm,creative_exploration,True,1.0,0.0,1.0,0.5,[2],"['mem_conv_family', 'mem_conv_sister_gift', 'mem_conv_brainstorm', 'mem_conv_dog', 'mem_conv_greeting']",True
creative_dinner_ideas,creative_exploration,True,1.0,0.0,0.0,0.047619047619047616,[21],"['mem_conv_brainstorm', 'mem_conv_good_therapy_session', 'mem_conv_stress', 'mem_conv_project_auth', 'mem_conv_greeting']",True
meta_about_me,meta_conversational,True,1.0,0.0,1.0,0.5,[2],"['mem_conv_greeting', 'mem_conv_dog', 'mem_conv_stress', 'mem_conv_python', 'mem_conv_feeling_better']",True
meta_hobbies,meta_conversational,True,1.0,0.0,1.0,0.5,[2],"['mem_conv_work_burnout', 'mem_conv_feeling_better', 'mem_conv_stress', 'mem_conv_good_therapy_session', 'mem_conv_anxiety']",True
meta_family_knowledge,meta_conversational,True,1.0,1.0,1.0,1.0,[1],"['mem_conv_brother_job', 'mem_conv_dog', 'mem_conv_stress', 'mem_conv_cat', 'mem_conv_anxiety']",True
meta_work_knowledge,meta_conversational,True,1.0,0.0,1.0,0.3333333333333333,[3],"['mem_conv_greeting', 'mem_conv_dog', 'mem_conv_stress', 'mem_conv_python', 'mem_conv_feeling_better']",True
meta_health_knowledge,meta_conversational,True,1.0,0.0,1.0,0.5,[2],"['mem_conv_anxiety', 'mem_conv_back_pain', 'mem_conv_feeling_better', 'mem_conv_dog_vet', 'mem_conv_stress']",True
meta_pet_knowledge,meta_conversational,True,1.0,1.0,1.0,1.0,[1],"['mem_conv_dog', 'mem_conv_greeting', 'mem_conv_stress', 'mem_conv_python', 'mem_conv_feeling_better']",True
meta_project_knowledge,meta_conversational,True,1.0,0.0,1.0,0.3333333333333333,[3],"['mem_conv_stress', 'mem_conv_python', 'mem_conv_project_auth', 'mem_conv_work_burnout', 'mem_conv_brainstorm']",True
meta_emotional_history,meta_conversational,True,1.0,0.0,1.0,0.5,[2],"['mem_conv_greeting', 'mem_conv_stress', 'mem_conv_dog', 'mem_conv_python', 'mem_conv_feeling_better']",True
project_auth_status,project_work,True,1.0,1.0,1.0,1.0,[1],"['mem_conv_project_auth', 'mem_conv_project_db_migration', 'mem_conv_greeting', 'mem_conv_api', 'mem_conv_python']",True
project_api_update,project_work,True,1.0,1.0,1.0,1.0,[1],"['mem_conv_api', 'mem_conv_project_auth', 'mem_conv_greeting', 'mem_conv_project_dashboard', 'mem_conv_python']",True
project_dashboard_charts,project_work,True,1.0,1.0,1.0,1.0,[1],"['mem_conv_project_dashboard', 'mem_conv_brainstorm', 'mem_conv_stress', 'mem_conv_greeting', 'mem_conv_api']",True
project_database_migration,project_work,True,1.0,1.0,1.0,1.0,[1],"['mem_conv_project_db_migration', 'mem_conv_sql_optimization', 'mem_conv_project_auth', 'mem_conv_api', 'mem_conv_brainstorm']",True
project_ci_optimization,project_work,True,1.0,1.0,1.0,1.0,[1],"['mem_conv_project_ci', 'mem_conv_project_auth', 'mem_conv_stress', 'mem_conv_greeting', 'mem_conv_python']",True
project_caching_layer,project_work,True,1.0,1.0,1.0,1.0,[1],"['mem_conv_redis', 'mem_conv_python_web', 'mem_conv_greeting', 'mem_conv_project_auth', 'mem_conv_api']",True
project_kubernetes_deploy,project_work,True,1.0,1.0,1.0,1.0,[1],"['mem_conv_project_deploy', 'mem_conv_api', 'mem_conv_project_auth', 'mem_conv_stress', 'mem_conv_greeting']",True
project_fastapi_backend,project_work,True,1.0,0.0,1.0,0.5,[2],"['mem_conv_cors_fix', 'mem_conv_python_web', 'mem_conv_api', 'mem_conv_project_auth', 'mem_conv_greeting']",True
project_cors_middleware,project_work,True,1.0,1.0,1.0,1.0,[1],"['mem_conv_cors_fix', 'mem_conv_python_web', 'mem_conv_project_auth', 'mem_conv_greeting', 'mem_conv_api']",True
project_full_stack_status,project_work,True,1.0,0.5,1.0,1.0,"[1, 3]","['mem_conv_api', 'mem_conv_brainstorm', 'mem_conv_project_dashboard', 'mem_conv_project_auth', 'mem_conv_project_deploy']",True
general_autumn_thoughts,general,False,0.0,0.0,0.0,0.0,[],"['mem_conv_python', 'mem_conv_stress', 'mem_conv_good_therapy_session', 'mem_conv_feeling_better', 'mem_conv_project_dashboard']",True
general_patience,general,False,0.0,0.0,0.0,0.0,[],"['mem_conv_feeling_better', 'mem_conv_greeting', 'mem_conv_brainstorm', 'mem_conv_back_pain', 'mem_conv_work_burnout']",True
general_time_flies,general,False,0.0,0.0,0.0,0.0,[],"['mem_conv_stress', 'mem_conv_work_burnout', 'mem_conv_relationship_worry', 'mem_conv_good_therapy_session', 'mem_conv_greeting']",True
general_coffee_preference,general,False,0.0,0.0,0.0,0.0,[],"['mem_conv_python', 'mem_conv_back_pain', 'mem_conv_dog', 'mem_conv_good_therapy_session', 'mem_conv_cat']",True
general_interesting_fact,general,False,0.0,0.0,0.0,0.0,[],"['mem_conv_greeting', 'mem_conv_stress', 'mem_conv_feeling_better', 'mem_conv_work_burnout', 'mem_conv_good_therapy_session']",True
general_weather_musing,general,False,0.0,0.0,0.0,0.0,[],"['mem_conv_rainy_commute', 'mem_conv_stress', 'mem_conv_feeling_better', 'mem_conv_greeting', 'mem_conv_work_burnout']",True
general_music_thought,general,False,0.0,0.0,0.0,0.0,[],"['mem_conv_feeling_better', 'mem_conv_async', 'mem_conv_python_types', 'mem_conv_greeting', 'mem_conv_good_therapy_session']",True
general_cooking_musing,general,False,0.0,0.0,0.0,0.0,[],"['mem_conv_stress', 'mem_conv_work_burnout', 'mem_conv_greeting', 'mem_conv_good_therapy_session', 'mem_conv_relationship_worry']",True
multi_all_pets,meta_conversational,True,1.0,0.5,1.0,1.0,"[2, 1]","['mem_conv_dog', 'mem_conv_cat', 'mem_conv_cat_mochi_hiding', 'mem_conv_dog_vet', 'mem_conv_greeting']",True
multi_all_family,meta_conversational,True,1.0,0.5,0.5,1.0,"[1, 31]","['mem_conv_brother_job', 'mem_conv_dog', 'mem_conv_stress', 'mem_conv_greeting', 'mem_conv_project_auth']",True
multi_python_overview,meta_conversational,True,1.0,0.5,0.5,1.0,"[12, 1]","['mem_conv_python', 'mem_conv_python_types', 'mem_conv_greeting', 'mem_conv_dog', 'mem_conv_stress']",True
multi_health_summary,meta_conversational,True,1.0,0.0,0.5,0.5,"[2, 9]","['mem_conv_anxiety', 'mem_conv_back_pain', 'mem_conv_stress', 'mem_conv_feeling_better', 'mem_conv_work_burnout']",True
multi_emotional_journey,meta_conversational,True,1.0,0.5,1.0,1.0,"[1, 2]","['mem_conv_anxiety', 'mem_conv_stress', 'mem_conv_feeling_better', 'mem_conv_work_burnout', 'mem_conv_good_therapy_session']",True
multi_project_components,meta_conversational,True,1.0,0.0,0.5,0.5,"[8, 2]","['mem_conv_python', 'mem_conv_project_auth', 'mem_conv_stress', 'mem_conv_brainstorm', 'mem_conv_gym']",True
multi_fitness_activities,meta_conversational,True,1.0,0.5,0.5,1.0,"[1, 27]","['mem_conv_gym', 'mem_conv_dog', 'mem_conv_stress', 'mem_conv_project_auth', 'mem_conv_python']",True
cross_pet_summary_or_conv,factual_recall,True,1.0,1.0,1.0,1.0,[1],"['mem_conv_dog', 'mem_conv_cat', 'mem_conv_dog_vet', 'mem_conv_python', 'mem_conv_python_types']",True
cross_project_summary,factual_recall,True,1.0,0.0,0.0,0.2,[5],"['mem_conv_python_packaging', 'mem_conv_project_auth', 'mem_conv_python', 'mem_conv_api', 'mem_conv_project_deploy']",True
negative_sleep_not_anxiety,factual_recall,True,1.0,1.0,1.0,1.0,[1],"['mem_conv_sleep_tracker', 'mem_conv_anxiety', 'mem_conv_good_therapy_session', 'mem_conv_project_auth', 'mem_conv_sql_optimization']",True
negative_music_not_coding,factual_recall,True,1.0,0.0,1.0,0.5,[2],"['mem_conv_music', 'mem_conv_jazz_album', 'mem_conv_dog', 'mem_conv_python', 'mem_conv_cat']",True
negative_cooking_not_diet,factual_recall,True,1.0,1.0,1.0,1.0,[1],"['mem_conv_sunday_cooking', 'mem_conv_cat', 'mem_conv_stress', 'mem_conv_good_therapy_session', 'mem_conv_greeting']",True
negative_work_meeting_not_promotion,factual_recall,True,1.0,1.0,1.0,1.0,[1],"['mem_conv_yesterday_meeting', 'mem_conv_project_auth', 'mem_conv_stress', 'mem_conv_gym', 'mem_conv_good_therapy_session']",True
negative_back_not_gym,factual_recall,True,1.0,1.0,1.0,1.0,[1],"['mem_conv_back_pain', 'mem_conv_good_therapy_session', 'mem_conv_gym', 'mem_conv_feeling_better', 'mem_conv_dog_vet']",True
negative_guitar_not_jazz,factual_recall,True,1.0,1.0,1.0,1.0,[1],"['mem_conv_guitar', 'mem_conv_dog', 'mem_conv_music', 'mem_conv_cat', 'mem_conv_project_auth']",True
negative_reading_not_podcast,factual_recall,True,1.0,1.0,1.0,1.0,[1],"['mem_conv_reading', 'mem_conv_cat', 'mem_conv_good_therapy_session', 'mem_conv_stress', 'mem_conv_sql_optimization']",True
real_factual_recall_000,factual_recall,True,1.0,0.0,0.0,0.25,[4],"['real_facts_d001', 'real_facts_142', 'real_facts_d002', 'real_facts_000', 'real_facts_d107']",True
real_general_001,general,True,1.0,1.0,1.0,1.0,[1],"['real_reflections_001', 'real_reflections_d209', 'real_reflections_d245', 'real_reflections_d211', 'real_reflections_154']",True
real_general_002,general,True,1.0,1.0,1.0,1.0,[1],"['real_facts_002', 'real_facts_d071', 'real_facts_d192', 'real_facts_d133', 'real_facts_153']",True
real_general_003,general,True,1.0,1.0,1.0,1.0,[1],"['real_conversations_003', 'real_conversations_d542', 'real_conversations_014', 'real_conversations_d460', 'real_conversations_d550']",True
real_general_004,general,True,1.0,1.0,1.0,1.0,[1],"['real_summaries_004', 'real_summaries_d559', 'real_summaries_d560', 'real_summaries_021', 'real_summaries_d576']",True
real_emotional_support_005,emotional_support,True,1.0,1.0,1.0,1.0,[1],"['real_conversations_005', 'real_conversations_d355', 'real_conversations_d357', 'real_conversations_d540', 'real_conversations_d550']",True
real_general_006,general,True,1.0,1.0,1.0,1.0,[1],"['real_reflections_006', 'real_reflections_d340', 'real_reflections_d339', 'real_reflections_d322', 'real_reflections_d305']",True
real_general_007,general,True,1.0,1.0,1.0,1.0,[1],"['real_facts_007', 'real_facts_d206', 'real_facts_114', 'real_facts_d006', 'real_facts_d182']",True
real_general_008,general,True,1.0,1.0,1.0,1.0,[1],"['real_summaries_008', 'real_summaries_084', 'real_summaries_d637', 'real_summaries_d563', 'real_summaries_d559']",True
real_general_009,general,True,1.0,1.0,1.0,1.0,[1],"['real_facts_009', 'real_facts_d010', 'real_facts_d009', 'real_facts_d011', 'real_facts_d078']",True
real_general_010,general,True,1.0,0.0,1.0,0.3333333333333333,[3],"['real_facts_d012', 'real_facts_d110', 'real_facts_010', 'real_facts_d014', 'real_facts_d013']",True
real_general_011,general,True,1.0,1.0,1.0,1.0,[1],"['real_summaries_011', 'real_summaries_d590', 'real_summaries_d583', 'real_summaries_d565', 'real_summaries_194']",True
real_general_012,general,True,1.0,1.0,1.0,1.0,[1],"['real_conversations_012', 'real_conversations_d485', 'real_conversations_d449', 'real_conversations_d392', 'real_conversations_014']",True
real_general_013,general,True,1.0,1.0,1.0,1.0,[1],"['real_facts_013', 'real_facts_d015', 'real_facts_d071', 'real_facts_d045', 'real_facts_067']",True
real_temporal_recall_014,temporal_recall,True,1.0,1.0,1.0,1.0,[1],"['real_conversations_014', 'real_conversations_d356', 'real_conversations_d542', 'real_conversations_d401', 'real_conversations_d363']",True
real_general_015,general,True,1.0,1.0,1.0,1.0,[1],"['real_conversations_015', 'real_conversations_d460', 'real_conversations_158', 'real_conversations_d364', 'real_conversations_172']",True
real_general_016,general,True,1.0,1.0,1.0,1.0,[1],"['real_summaries_016', 'real_summaries_131', 'real_summaries_d593', 'real_summaries_d612', 'real_summaries_d570']",True
real_general_017,general,True,1.0,1.0,1.0,1.0,[1],"['real_conversations_017', 'real_conversations_074', 'real_conversations_d439', 'real_conversations_d486', 'real_conversations_d416']",True
real_general_018,general,True,1.0,1.0,1.0,1.0,[1],"['real_reflections_018', 'real_reflections_d215', 'real_reflections_d277', 'real_reflections_d330', 'real_reflections_d290']",True
real_general_019,general,True,1.0,1.0,1.0,1.0,[1],"['real_summaries_019', 'real_summaries_113', 'real_summaries_d626', 'real_summaries_d616', 'real_summaries_d563']",True
real_general_020,general,True,1.0,1.0,1.0,1.0,[1],"['real_summaries_020', 'real_summaries_d574', 'real_summaries_d573', 'real_summaries_d586', 'real_summaries_d643']",True
real_general_021,general,True,1.0,1.0,1.0,1.0,[1],"['real_summaries_021', 'real_summaries_d578', 'real_summaries_071', 'real_summaries_d560', 'real_summaries_d563']",True
real_general_022,general,True,1.0,1.0,1.0,1.0,[1],"['real_conversations_022', 'real_conversations_d370', 'real_conversations_d550', 'real_conversations_d476', 'real_conversations_d532']",True
real_general_023,general,True,1.0,1.0,1.0,1.0,[1],"['real_summaries_023', 'real_summaries_195', 'real_summaries_d579', 'real_summaries_d645', 'real_summaries_d567']",True
real_general_024,general,True,1.0,1.0,1.0,1.0,[1],"['real_summaries_024', 'real_summaries_d569', 'real_summaries_043', 'real_summaries_194', 'real_summaries_131']",True
real_general_025,general,True,1.0,0.0,1.0,0.3333333333333333,[3],"['real_facts_d020', 'real_facts_d018', 'real_facts_025', 'real_facts_d204', 'real_facts_d019']",True
real_general_026,general,True,1.0,1.0,1.0,1.0,[1],"['real_reflections_026', 'real_reflections_d233', 'real_reflections_d247', 'real_reflections_d234', 'real_reflections_d335']",True
real_general_027,general,True,1.0,1.0,1.0,1.0,[1],"['real_reflections_027', 'real_reflections_d221', 'real_reflections_d305', 'real_reflections_d223', 'real_reflections_d335']",True
real_general_028,general,True,1.0,1.0,1.0,1.0,[1],"['real_conversations_028', 'real_conversations_d374', 'real_conversations_d370', 'real_conversations_d419', 'real_conversations_d363']",True
real_general_029,general,True,1.0,0.0,1.0,0.5,[2],"['real_facts_d022', 'real_facts_029', 'real_facts_d079', 'real_facts_d039', 'real_facts_d071']",True
real_general_030,general,True,1.0,1.0,1.0,1.0,[1],"['real_reflections_030', 'real_reflections_176', 'real_reflections_d226', 'real_reflections_d224', 'real_reflections_190']",True
real_general_031,general,True,1.0,1.0,1.0,1.0,[1],"['real_reflections_031', 'real_reflections_d305', 'real_reflections_d340', 'real_reflections_d229', 'real_reflections_d246']",True
real_general_032,general,True,1.0,1.0,1.0,1.0,[1],"['real_conversations_032', 'real_conversations_d486', 'real_conversations_d485', 'real_conversations_d388', 'real_conversations_d381']",True
real_emotional_support_033,emotional_support,True,1.0,1.0,1.0,1.0,[1],"['real_conversations_033', 'real_conversations_d380', 'real_conversations_d381', 'real_conversations_d379', 'real_conversations_d484']",True
real_general_034,general,True,1.0,1.0,1.0,1.0,[1],"['real_summaries_034', 'real_summaries_d566', 'real_summaries_d569', 'real_summaries_024', 'real_summaries_194']",True
real_general_035,general,True,1.0,1.0,1.0,1.0,[1],"['real_reflections_035', 'real_reflections_d273', 'real_reflections_d263', 'real_reflections_d349', 'real_reflections_d269']",True
real_general_036,general,True,1.0,0.0,0.0,0.25,[4],"['real_facts_d025', 'real_facts_d026', 'real_facts_d024', 'real_facts_036', 'real_facts_d188']",True
real_general_037,general,True,1.0,1.0,1.0,1.0,[1],"['real_reflections_037', 'real_reflections_d310', 'real_reflections_d286', 'real_reflections_d247', 'real_reflections_d244']",True
real_general_038,general,True,1.0,1.0,1.0,1.0,[1],"['real_reflections_038', 'real_reflections_d304', 'real_reflections_d223', 'real_reflections_d236', 'real_reflections_d299']",True
real_general_039,general,True,1.0,1.0,1.0,1.0,[1],"['real_reflections_039', 'real_reflections_d209', 'real_reflections_048', 'real_reflections_d277', 'real_reflections_d244']",True
real_general_040,general,True,1.0,1.0,1.0,1.0,[1],"['real_conversations_040', 'real_conversations_d477', 'real_conversations_d384', 'real_conversations_d389', 'real_conversations_d388']",True
real_factual_recall_041,factual_recall,True,1.0,1.0,1.0,1.0,[1],"['real_facts_041', 'real_facts_d029', 'real_facts_d079', 'real_facts_d078', 'real_facts_d080']",True
real_general_042,general,True,1.0,1.0,1.0,1.0,[1],"['real_summaries_042', 'real_summaries_071', 'real_summaries_d657', 'real_summaries_191', 'real_summaries_139']",True
real_general_043,general,True,1.0,1.0,1.0,1.0,[1],"['real_summaries_043', 'real_summaries_024', 'real_summaries_d569', 'real_summaries_194', 'real_summaries_d565']",True
real_general_044,general,True,1.0,1.0,1.0,1.0,[1],"['real_reflections_044', 'real_reflections_048', 'real_reflections_d244', 'real_reflections_d211', 'real_reflections_001']",True
real_general_045,general,True,1.0,1.0,1.0,1.0,[1],"['real_facts_045', 'real_facts_d191', 'real_facts_d031', 'real_facts_085', 'real_facts_d081']",True
real_general_046,general,True,1.0,1.0,1.0,1.0,[1],"['real_reflections_046', 'real_reflections_006', 'real_reflections_083', 'real_reflections_056', 'real_reflections_093']",True
real_general_047,general,True,1.0,1.0,1.0,1.0,[1],"['real_conversations_047', 'real_conversations_d385', 'real_conversations_d392', 'real_conversations_115', 'real_conversations_d420']",True
real_technical_help_048,technical_help,True,1.0,1.0,1.0,1.0,[1],"['real_reflections_048', 'real_reflections_d277', 'real_reflections_056', 'real_reflections_d210', 'real_reflections_093']",True
real_general_049,general,True,1.0,1.0,1.0,1.0,[1],"['real_summaries_049', 'real_summaries_019', 'real_summaries_d604', 'real_summaries_d593', 'real_summaries_184']",True
real_general_050,general,True,1.0,1.0,1.0,1.0,[1],"['real_reflections_050', 'real_reflections_d306', 'real_reflections_d340', 'real_reflections_d305', 'real_reflections_d246']",True
real_factual_recall_051,factual_recall,True,1.0,1.0,1.0,1.0,[1],"['real_facts_051', 'real_facts_d085', 'real_facts_d033', 'real_facts_d035', 'real_facts_d034']",True
real_general_052,general,True,1.0,1.0,1.0,1.0,[1],"['real_conversations_052', 'real_conversations_055', 'real_conversations_d388', 'real_conversations_d521', 'real_conversations_d370']",True
real_general_053,general,True,1.0,1.0,1.0,1.0,[1],"['real_conversations_053', 'real_conversations_d391', 'real_conversations_d392', 'real_conversations_d552', 'real_conversations_d512']",True
real_factual_recall_054,factual_recall,True,1.0,1.0,1.0,1.0,[1],"['real_conversations_054', 'real_conversations_d394', 'real_conversations_d430', 'real_conversations_d396', 'real_conversations_d538']",True
real_general_055,general,True,1.0,1.0,1.0,1.0,[1],"['real_conversations_055', 'real_conversations_d476', 'real_conversations_107', 'real_conversations_052', 'real_conversations_122']",True
real_general_056,general,True,1.0,1.0,1.0,1.0,[1],"['real_reflections_056', 'real_reflections_d287', 'real_reflections_d289', 'real_reflections_d211', 'real_reflections_d242']",True
real_general_057,general,True,1.0,1.0,1.0,1.0,[1],"['real_conversations_057', 'real_conversations_d400', 'real_conversations_d460', 'real_conversations_d444', 'real_conversations_d442']",True
real_general_058,general,True,1.0,1.0,1.0,1.0,[1],"['real_reflections_058', 'real_reflections_035', 'real_reflections_d269', 'real_reflections_d274', 'real_reflections_d215']",True
real_general_059,general,True,1.0,1.0,1.0,1.0,[1],"['real_facts_059', 'real_facts_d036', 'real_facts_d001', 'real_facts_d192', 'real_facts_d202']",True
real_general_060,general,True,1.0,1.0,1.0,1.0,[1],"['real_conversations_060', 'real_conversations_d448', 'real_conversations_d485', 'real_conversations_d404', 'real_conversations_104']",True
real_general_061,general,True,1.0,0.0,1.0,0.5,[2],"['real_facts_d039', 'real_facts_061', 'real_facts_036', 'real_facts_d024', 'real_facts_d026']",True
real_general_062,general,True,1.0,0.0,0.0,0.2,[5],"['real_facts_d190', 'real_facts_d042', 'real_facts_d043', 'real_facts_d208', 'real_facts_062']",True
real_general_063,general,True,1.0,1.0,1.0,1.0,[1],"['real_reflections_063', 'real_reflections_d277', 'real_reflections_037', 'real_reflections_d312', 'real_reflections_d330']",True
real_general_064,general,True,1.0,1.0,1.0,1.0,[1],"['real_conversations_064', 'real_conversations_d460', 'real_conversations_d532', 'real_conversations_d550', 'real_conversations_d538']",True
real_general_065,general,True,1.0,1.0,1.0,1.0,[1],"['real_reflections_065', 'real_reflections_d263', 'real_reflections_d231', 'real_reflections_d211', 'real_reflections_d324']",True
real_general_066,general,True,1.0,1.0,1.0,1.0,[1],"['real_reflections_066', 'real_reflections_d211', 'real_reflections_d265', 'real_reflections_d279', 'real_reflections_d271']",True
real_general_067,general,True,1.0,1.0,1.0,1.0,[1],"['real_facts_067', 'real_facts_d196', 'real_facts_d046', 'real_facts_d045', 'real_facts_d047']",True
real_general_068,general,True,1.0,1.0,1.0,1.0,[1],"['real_conversations_068', 'real_conversations_d419', 'real_conversations_d542', 'real_conversations_d550', 'real_conversations_d420']",True
real_general_069,general,True,1.0,1.0,1.0,1.0,[1],"['real_conversations_069', 'real_conversations_d417', 'real_conversations_074', 'real_conversations_d485', 'real_conversations_d542']",True
real_general_070,general,True,1.0,1.0,1.0,1.0,[1],"['real_facts_070', 'real_facts_d048', 'real_facts_d028', 'real_facts_d079', 'real_facts_d027']",True
real_general_071,general,True,1.0,1.0,1.0,1.0,[1],"['real_summaries_071', 'real_summaries_d576', 'real_summaries_d578', 'real_summaries_042', 'real_summaries_178']",True
real_general_072,general,True,1.0,1.0,1.0,1.0,[1],"['real_reflections_072', 'real_reflections_d284', 'real_reflections_d268', 'real_reflections_d275', 'real_reflections_d282']",True
real_general_073,general,True,1.0,1.0,1.0,1.0,[1],"['real_reflections_073', 'real_reflections_d272', 'real_reflections_d245', 'real_reflections_d310', 'real_reflections_d233']",True
real_general_074,general,True,1.0,1.0,1.0,1.0,[1],"['real_conversations_074', 'real_conversations_017', 'real_conversations_d463', 'real_conversations_d486', 'real_conversations_d419']",True
real_general_075,general,True,1.0,1.0,1.0,1.0,[1],"['real_facts_075', 'real_facts_d131', 'real_facts_157', 'real_facts_d102', 'real_facts_142']",True
real_general_076,general,True,1.0,1.0,1.0,1.0,[1],"['real_summaries_076', 'real_summaries_d572', 'real_summaries_184', 'real_summaries_d649', 'real_summaries_019']",True
real_technical_help_077,technical_help,True,0.0,0.0,0.0,0.0,[-1],"['real_conversations_d420', 'real_conversations_d435', 'real_conversations_d434', 'real_conversations_014', 'real_conversations_d419']",True
real_general_078,general,True,1.0,1.0,1.0,1.0,[1],"['real_reflections_078', 'real_reflections_072', 'real_reflections_d267', 'real_reflections_d275', 'real_reflections_d230']",True
real_general_079,general,True,1.0,1.0,1.0,1.0,[1],"['real_reflections_079', 'real_reflections_d277', 'real_reflections_d292', 'real_reflections_048', 'real_reflections_d233']",True
real_factual_recall_080,factual_recall,True,1.0,0.0,0.0,0.1111111111111111,[9],"['real_facts_d016', 'real_facts_d056', 'real_facts_d054', 'real_facts_d055', 'real_facts_d017']",True
real_general_081,general,True,1.0,1.0,1.0,1.0,[1],"['real_conversations_081', 'real_conversations_d423', 'real_conversations_d467', 'real_conversations_d456', 'real_conversations_d401']",True
real_general_082,general,True,1.0,1.0,1.0,1.0,[1],"['real_conversations_082', 'real_conversations_d404', 'real_conversations_d447', 'real_conversations_d363', 'real_conversations_d485']",True
real_general_083,general,True,1.0,1.0,1.0,1.0,[1],"['real_reflections_083', 'real_reflections_d327', 'real_reflections_d233', 'real_reflections_093', 'real_reflections_d293']",True
real_technical_help_084,technical_help,True,1.0,1.0,1.0,1.0,[1],"['real_summaries_084', 'real_summaries_d637', 'real_summaries_004', 'real_summaries_133', 'real_summaries_d563']",True
real_general_085,general,True,1.0,1.0,1.0,1.0,[1],"['real_facts_085', 'real_facts_d191', 'real_facts_045', 'real_facts_d031', 'real_facts_d081']",True
real_casual_social_086,casual_social,True,1.0,1.0,1.0,1.0,[1],"['real_conversations_086', 'real_conversations_d377', 'real_conversations_d367', 'real_conversations_d486', 'real_conversations_055']",True
real_general_087,general,True,1.0,1.0,1.0,1.0,[1],"['real_facts_087', 'real_facts_d060', 'real_facts_111', 'real_facts_d061', 'real_facts_075']",True
real_creative_exploration_088,creative_exploration,True,1.0,1.0,1.0,1.0,[1],"['real_conversations_088', 'real_conversations_d430', 'real_conversations_d432', 'real_conversations_d394', 'real_conversations_d396']",True
real_general_089,general,True,1.0,1.0,1.0,1.0,[1],"['real_conversations_089', 'real_conversations_d433', 'real_conversations_d434', 'real_conversations_d419', 'real_conversations_d392']",True
real_general_090,general,True,1.0,1.0,1.0,1.0,[1],"['real_facts_090', 'real_facts_d046', 'real_facts_d178', 'real_facts_d063', 'real_facts_d095']",True
real_general_091,general,True,0.0,0.0,0.0,0.0,[-1],"['real_reflections_d250', 'real_reflections_d302', 'real_reflections_d249', 'real_reflections_d301', 'real_reflections_d287']",True
real_general_092,general,True,1.0,1.0,1.0,1.0,[1],"['real_conversations_092', 'real_conversations_d377', 'real_conversations_d445', 'real_conversations_d437', 'real_conversations_d544']",True
real_general_093,general,True,1.0,1.0,1.0,1.0,[1],"['real_reflections_093', 'real_reflections_d287', 'real_reflections_d278', 'real_reflections_018', 'real_reflections_d289']",True
real_general_094,general,True,1.0,1.0,1.0,1.0,[1],"['real_reflections_094', 'real_reflections_d288', 'real_reflections_d331', 'real_reflections_056', 'real_reflections_099']",True
real_general_095,general,True,1.0,1.0,1.0,1.0,[1],"['real_conversations_095', 'real_conversations_d538', 'real_conversations_d556', 'real_conversations_d514', 'real_conversations_d530']",True
real_general_096,general,True,1.0,1.0,1.0,1.0,[1],"['real_conversations_096', 'real_conversations_d439', 'real_conversations_d450', 'real_conversations_d486', 'real_conversations_d405']",True
real_factual_recall_097,factual_recall,True,1.0,0.0,1.0,0.5,[2],"['real_facts_d066', 'real_facts_097', 'real_facts_d067', 'real_facts_d053', 'real_facts_142']",True
real_general_098,general,True,1.0,1.0,1.0,1.0,[1],"['real_reflections_098', 'real_reflections_d291', 'real_reflections_018', 'real_reflections_d314', 'real_reflections_d244']",True
real_general_099,general,True,1.0,1.0,1.0,1.0,[1],"['real_reflections_099', 'real_reflections_d334', 'real_reflections_d231', 'real_reflections_d296', 'real_reflections_d308']",True
real_general_100,general,True,1.0,1.0,1.0,1.0,[1],"['real_summaries_100', 'real_summaries_d599', 'real_summaries_d563', 'real_summaries_021', 'real_summaries_d560']",True
real_general_101,general,True,1.0,1.0,1.0,1.0,[1],"['real_conversations_101', 'real_conversations_d390', 'real_conversations_014', 'real_conversations_d443', 'real_conversations_040']",True
real_general_102,general,True,1.0,1.0,1.0,1.0,[1],"['real_facts_102', 'real_facts_d069', 'real_facts_d071', 'real_facts_d121', 'real_facts_173']",True
real_technical_help_103,technical_help,True,1.0,1.0,1.0,1.0,[1],"['real_conversations_103', 'real_conversations_d446', 'real_conversations_d447', 'real_conversations_d496', 'real_conversations_d497']",True
real_general_104,general,True,1.0,1.0,1.0,1.0,[1],"['real_conversations_104', 'real_conversations_d519', 'real_conversations_d540', 'real_conversations_d449', 'real_conversations_d550']",True
real_general_105,general,True,1.0,1.0,1.0,1.0,[1],"['real_conversations_105', 'real_conversations_d451', 'real_conversations_d452', 'real_conversations_d387', 'real_conversations_d453']",True
real_general_106,general,True,1.0,1.0,1.0,1.0,[1],"['real_conversations_106', 'real_conversations_d442', 'real_conversations_d485', 'real_conversations_d454', 'real_conversations_d354']",True
real_general_107,general,True,1.0,1.0,1.0,1.0,[1],"['real_conversations_107', 'real_conversations_d457', 'real_conversations_d480', 'real_conversations_055', 'real_conversations_d486']",True
real_general_108,general,True,1.0,0.0,0.0,0.25,[4],"['real_conversations_d460', 'real_conversations_d462', 'real_conversations_d461', 'real_conversations_108', 'real_conversations_158']",True
real_factual_recall_109,factual_recall,True,1.0,0.0,1.0,0.5,[2],"['real_conversations_d463', 'real_conversations_109', 'real_conversations_074', 'real_conversations_d369', 'real_conversations_d367']",True
real_general_110,general,True,1.0,1.0,1.0,1.0,[1],"['real_reflections_110', 'real_reflections_d231', 'real_reflections_d249', 'real_reflections_d287', 'real_reflections_d297']",True
real_factual_recall_111,factual_recall,True,1.0,1.0,1.0,1.0,[1],"['real_facts_111', 'real_facts_d060', 'real_facts_075', 'real_facts_d002', 'real_facts_d097']",True
real_emotional_support_112,emotional_support,True,1.0,1.0,1.0,1.0,[1],"['real_conversations_112', 'real_conversations_d550', 'real_conversations_106', 'real_conversations_d450', 'real_conversations_d483']",True
real_general_113,general,True,1.0,1.0,1.0,1.0,[1],"['real_summaries_113', 'real_summaries_d602', 'real_summaries_d620', 'real_summaries_d616', 'real_summaries_133']",True
real_general_114,general,True,1.0,1.0,1.0,1.0,[1],"['real_facts_114', 'real_facts_d075', 'real_facts_d077', 'real_facts_d206', 'real_facts_d182']",True
real_creative_exploration_115,creative_exploration,True,1.0,1.0,1.0,1.0,[1],"['real_conversations_115', 'real_conversations_d420', 'real_conversations_d469', 'real_conversations_d401', 'real_conversations_d531']",True
real_general_116,general,True,1.0,1.0,1.0,1.0,[1],"['real_summaries_116', 'real_summaries_d582', 'real_summaries_d594', 'real_summaries_d569', 'real_summaries_194']",True
real_general_117,general,True,1.0,1.0,1.0,1.0,[1],"['real_summaries_117', 'real_summaries_d592', 'real_summaries_d605', 'real_summaries_d588', 'real_summaries_d606']",True
real_general_118,general,True,0.0,0.0,0.0,0.0,[-1],"['real_facts_d079', 'real_facts_d071', 'real_facts_d022', 'real_facts_d096', 'real_facts_d048']",True
real_general_119,general,True,1.0,1.0,1.0,1.0,[1],"['real_facts_119', 'real_facts_d191', 'real_facts_d081', 'real_facts_d200', 'real_facts_d199']",True
real_technical_help_120,technical_help,True,1.0,0.0,1.0,0.5,[2],"['real_conversations_d473', 'real_conversations_120', 'real_conversations_d472', 'real_conversations_d474', 'real_conversations_d550']",True
real_general_121,general,True,1.0,1.0,1.0,1.0,[1],"['real_facts_121', 'real_facts_d085', 'real_facts_d071', 'real_facts_d033', 'real_facts_d034']",True
real_general_122,general,True,1.0,1.0,1.0,1.0,[1],"['real_conversations_122', 'real_conversations_d476', 'real_conversations_d475', 'real_conversations_d477', 'real_conversations_d389']",True
real_general_123,general,True,1.0,1.0,1.0,1.0,[1],"['real_facts_123', 'real_facts_d088', 'real_facts_041', 'real_facts_d089', 'real_facts_d079']",True
real_general_124,general,True,1.0,0.0,1.0,0.3333333333333333,[3],"['real_facts_d091', 'real_facts_d092', 'real_facts_124', 'real_facts_d156', 'real_facts_d157']",True
real_general_125,general,True,0.0,0.0,0.0,0.0,[-1],"['real_summaries_d618', 'real_summaries_d619', 'real_summaries_d568', 'real_summaries_d633', 'real_summaries_d560']",True
real_factual_recall_126,factual_recall,True,1.0,1.0,1.0,1.0,[1],"['real_facts_126', 'real_facts_d093', 'real_facts_d046', 'real_facts_d095', 'real_facts_d063']",True
real_general_127,general,True,1.0,0.0,1.0,0.3333333333333333,[3],"['real_summaries_d610', 'real_summaries_d570', 'real_summaries_127', 'real_summaries_023', 'real_summaries_d561']",True
real_general_128,general,True,1.0,1.0,1.0,1.0,[1],"['real_conversations_128', 'real_conversations_d480', 'real_conversations_d422', 'real_conversations_d419', 'real_conversations_d540']",True
real_general_129,general,True,1.0,1.0,1.0,1.0,[1],"['real_facts_129', 'real_facts_d096', 'real_facts_d098', 'real_facts_d097', 'real_facts_d120']",True
real_general_130,general,True,1.0,1.0,1.0,1.0,[1],"['real_facts_130', 'real_facts_d096', 'real_facts_d071', 'real_facts_d099', 'real_facts_d097']",True
real_general_131,general,True,1.0,1.0,1.0,1.0,[1],"['real_summaries_131', 'real_summaries_024', 'real_summaries_d569', 'real_summaries_194', 'real_summaries_043']",True
real_general_132,general,True,1.0,1.0,1.0,1.0,[1],"['real_conversations_132', 'real_conversations_053', 'real_conversations_d477', 'real_conversations_d483', 'real_conversations_d557']",True
real_general_133,general,True,1.0,1.0,1.0,1.0,[1],"['real_summaries_133', 'real_summaries_d657', 'real_summaries_127', 'real_summaries_d564', 'real_summaries_d614']",True
real_general_134,general,True,1.0,1.0,1.0,1.0,[1],"['real_facts_134', 'real_facts_d102', 'real_facts_d103', 'real_facts_186', 'real_facts_d044']",True
real_general_135,general,True,1.0,1.0,1.0,1.0,[1],"['real_reflections_135', 'real_reflections_050', 'real_reflections_d252', 'real_reflections_d336', 'real_reflections_d340']",True
real_general_136,general,True,1.0,1.0,1.0,1.0,[1],"['real_summaries_136', 'real_summaries_d606', 'real_summaries_d592', 'real_summaries_194', 'real_summaries_071']",True
real_general_137,general,True,1.0,1.0,1.0,1.0,[1],"['real_reflections_137', 'real_reflections_d304', 'real_reflections_d303', 'real_reflections_d237', 'real_reflections_d336']",True
real_general_138,general,True,1.0,1.0,1.0,1.0,[1],"['real_conversations_138', 'real_conversations_d486', 'real_conversations_d485', 'real_conversations_d405', 'real_conversations_165']",True
real_general_139,general,True,1.0,1.0,1.0,1.0,[1],"['real_summaries_139', 'real_summaries_d570', 'real_summaries_184', 'real_summaries_196', 'real_summaries_076']",True
real_general_140,general,True,1.0,1.0,1.0,1.0,[1],"['real_summaries_140', 'real_summaries_d618', 'real_summaries_d645', 'real_summaries_d560', 'real_summaries_d616']",True
real_general_141,general,True,1.0,1.0,1.0,1.0,[1],"['real_summaries_141', 'real_summaries_152', 'real_summaries_d656', 'real_summaries_d623', 'real_summaries_d607']",True
real_general_142,general,True,1.0,1.0,1.0,1.0,[1],"['real_facts_142', 'real_facts_d067', 'real_facts_d106', 'real_facts_157', 'real_facts_d131']",True
real_general_143,general,True,1.0,1.0,1.0,1.0,[1],"['real_facts_143', 'real_facts_d133', 'real_facts_d109', 'real_facts_d096', 'real_facts_d018']",True
real_general_144,general,True,1.0,1.0,1.0,1.0,[1],"['real_conversations_144', 'real_conversations_d485', 'real_conversations_d404', 'real_conversations_d400', 'real_conversations_d489']",True
real_general_145,general,True,1.0,1.0,1.0,1.0,[1],"['real_summaries_145', 'real_summaries_023', 'real_summaries_195', 'real_summaries_d579', 'real_summaries_d645']",True
real_general_146,general,True,1.0,1.0,1.0,1.0,[1],"['real_facts_146', 'real_facts_d106', 'real_facts_d178', 'real_facts_d139', 'real_facts_186']",True
real_technical_help_147,technical_help,True,0.0,0.0,0.0,0.0,[-1],"['real_conversations_089', 'real_conversations_d434', 'real_conversations_d501', 'real_conversations_d433', 'real_conversations_d385']",True
real_general_148,general,True,1.0,0.0,0.0,0.25,[4],"['real_facts_d115', 'real_facts_d041', 'real_facts_d191', 'real_facts_148', 'real_facts_045']",True
real_general_149,general,True,1.0,0.0,0.0,0.125,[8],"['real_facts_d174', 'real_facts_193', 'real_facts_d175', 'real_facts_d117', 'real_facts_d118']",True
real_general_150,general,True,1.0,1.0,1.0,1.0,[1],"['real_conversations_150', 'real_conversations_d393', 'real_conversations_d404', 'real_conversations_053', 'real_conversations_d375']",True
real_general_151,general,True,1.0,1.0,1.0,1.0,[1],"['real_conversations_151', 'real_conversations_d354', 'real_conversations_d550', 'real_conversations_d370', 'real_conversations_d483']",True
real_general_152,general,True,1.0,1.0,1.0,1.0,[1],"['real_summaries_152', 'real_summaries_d624', 'real_summaries_141', 'real_summaries_d621', 'real_summaries_d656']",True
real_general_153,general,True,1.0,1.0,1.0,1.0,[1],"['real_facts_153', 'real_facts_d170', 'real_facts_d171', 'real_facts_192', 'real_facts_d148']",True
real_general_154,general,True,1.0,1.0,1.0,1.0,[1],"['real_reflections_154', 'real_reflections_d272', 'real_reflections_d342', 'real_reflections_d305', 'real_reflections_d256']",True
real_general_155,general,True,1.0,1.0,1.0,1.0,[1],"['real_facts_155', 'real_facts_d123', 'real_facts_d124', 'real_facts_d112', 'real_facts_d125']",True
real_general_156,general,True,1.0,1.0,1.0,1.0,[1],"['real_facts_156', 'real_facts_d126', 'real_facts_d128', 'real_facts_d071', 'real_facts_d120']",True
real_general_157,general,True,1.0,0.0,0.0,0.14285714285714285,[7],"['real_facts_142', 'real_facts_d107', 'real_facts_d001', 'real_facts_d067', 'real_facts_d002']",True
real_temporal_recall_158,temporal_recall,True,1.0,1.0,1.0,1.0,[1],"['real_conversations_158', 'real_conversations_d501', 'real_conversations_d499', 'real_conversations_014', 'real_conversations_d460']",True
real_general_159,general,True,1.0,1.0,1.0,1.0,[1],"['real_conversations_159', 'real_conversations_d502', 'real_conversations_d513', 'real_conversations_d503', 'real_conversations_d477']",True
real_general_160,general,True,1.0,1.0,1.0,1.0,[1],"['real_conversations_160', 'real_conversations_d365', 'real_conversations_d538', 'real_conversations_068', 'real_conversations_d396']",True
real_general_161,general,True,1.0,0.0,0.0,0.07142857142857142,[14],"['real_facts_d170', 'real_facts_192', 'real_facts_d171', 'real_facts_d149', 'real_facts_153']",True
real_general_162,general,True,1.0,1.0,1.0,1.0,[1],"['real_conversations_162', 'real_conversations_d508', 'real_conversations_d460', 'real_conversations_185', 'real_conversations_d392']",True
real_temporal_recall_163,temporal_recall,True,1.0,1.0,1.0,1.0,[1],"['real_conversations_163', 'real_summaries_136', 'real_summaries_d611', 'real_conversations_d512', 'real_reflections_d250']",True
real_general_164,general,True,1.0,1.0,1.0,1.0,[1],"['real_conversations_164', 'real_conversations_d555', 'real_conversations_d360', 'real_conversations_055', 'real_conversations_d514']",True
real_general_165,general,True,1.0,1.0,1.0,1.0,[1],"['real_conversations_165', 'real_conversations_d519', 'real_conversations_d540', 'real_conversations_d486', 'real_conversations_138']",True
real_general_166,general,True,1.0,1.0,1.0,1.0,[1],"['real_summaries_166', 'real_summaries_191', 'real_summaries_d657', 'real_summaries_d598', 'real_summaries_d564']",True
real_general_167,general,True,0.0,0.0,0.0,0.0,[-1],"['real_reflections_d310', 'real_reflections_d308', 'real_reflections_d211', 'real_reflections_d349', 'real_reflections_d287']",True
real_creative_exploration_168,creative_exploration,True,1.0,1.0,1.0,1.0,[1],"['real_facts_168', 'real_facts_d191', 'real_facts_d060', 'real_facts_d137', 'real_facts_d099']",True
real_general_169,general,True,1.0,0.0,1.0,0.5,[2],"['real_facts_d139', 'real_facts_169', 'real_facts_d140', 'real_facts_182', 'real_facts_d138']",True
real_general_170,general,True,1.0,1.0,1.0,1.0,[1],"['real_facts_170', 'real_facts_d142', 'real_facts_d141', 'real_facts_d018', 'real_facts_025']",True
real_general_171,general,True,1.0,1.0,1.0,1.0,[1],"['real_facts_171', 'real_facts_d145', 'real_facts_d144', 'real_facts_025', 'real_facts_d146']",True
real_general_172,general,True,1.0,1.0,1.0,1.0,[1],"['real_conversations_172', 'real_conversations_053', 'real_conversations_d521', 'real_conversations_d449', 'real_conversations_074']",True
real_general_173,general,True,1.0,1.0,1.0,1.0,[1],"['real_facts_173', 'real_facts_d148', 'real_facts_d147', 'real_facts_d170', 'real_facts_153']",True
real_general_174,general,True,1.0,1.0,1.0,1.0,[1],"['real_reflections_174', 'real_reflections_d244', 'real_reflections_d233', 'real_reflections_d310', 'real_reflections_d210']",True
real_general_175,general,True,1.0,1.0,1.0,1.0,[1],"['real_facts_175', 'real_facts_d151', 'real_facts_d150', 'real_facts_d152', 'real_facts_d067']",True
real_general_176,general,True,1.0,1.0,1.0,1.0,[1],"['real_reflections_176', 'real_reflections_030', 'real_reflections_d315', 'real_reflections_190', 'real_reflections_d316']",True
real_general_177,general,True,1.0,1.0,1.0,1.0,[1],"['real_summaries_177', 'real_summaries_d617', 'real_summaries_d645', 'real_summaries_d615', 'real_summaries_d627']",True
real_general_178,general,True,1.0,0.0,1.0,0.5,[2],"['real_summaries_d577', 'real_summaries_178', 'real_summaries_d564', 'real_summaries_d578', 'real_summaries_d614']",True
real_general_179,general,True,1.0,1.0,1.0,1.0,[1],"['real_facts_179', 'real_facts_d155', 'real_facts_d153', 'real_facts_d154', 'real_facts_d206']",True
real_general_180,general,True,1.0,1.0,1.0,1.0,[1],"['real_reflections_180', 'real_reflections_d336', 'real_reflections_135', 'real_reflections_050', 'real_reflections_d299']",True
real_general_181,general,True,1.0,1.0,1.0,1.0,[1],"['real_facts_181', 'real_facts_d106', 'real_facts_d067', 'real_facts_d160', 'real_facts_d060']",True
real_general_182,general,True,1.0,1.0,1.0,1.0,[1],"['real_facts_182', 'real_facts_d106', 'real_facts_075', 'real_facts_175', 'real_facts_d140']",True
real_general_183,general,True,1.0,1.0,1.0,1.0,[1],"['real_facts_183', 'real_facts_d060', 'real_facts_d161', 'real_facts_168', 'real_facts_d139']",True
real_temporal_recall_184,temporal_recall,True,1.0,1.0,1.0,1.0,[1],"['real_summaries_184', 'real_summaries_d645', 'real_summaries_023', 'real_summaries_d635', 'real_summaries_d561']",True
real_general_185,general,True,1.0,1.0,1.0,1.0,[1],"['real_conversations_185', 'real_conversations_101', 'real_conversations_d367', 'real_conversations_040', 'real_conversations_d383']",True
real_general_186,general,True,1.0,1.0,1.0,1.0,[1],"['real_facts_186', 'real_facts_d064', 'real_facts_d178', 'real_facts_090', 'real_facts_d063']",True
real_general_187,general,True,1.0,1.0,1.0,1.0,[1],"['real_summaries_187', 'real_summaries_d560', 'real_summaries_004', 'real_summaries_021', 'real_summaries_d592']",True
real_general_188,general,True,1.0,1.0,1.0,1.0,[1],"['real_facts_188', 'real_facts_d071', 'real_facts_d167', 'real_facts_d069', 'real_facts_d070']",True
real_general_189,general,True,1.0,1.0,1.0,1.0,[1],"['real_summaries_189', 'real_summaries_d649', 'real_summaries_076', 'real_summaries_d616', 'real_summaries_d641']",True
real_general_190,general,True,1.0,0.0,0.0,0.2,[5],"['real_reflections_d314', 'real_reflections_d226', 'real_reflections_030', 'real_reflections_176', 'real_reflections_190']",True
real_general_191,general,True,1.0,1.0,1.0,1.0,[1],"['real_summaries_191', 'real_summaries_d616', 'real_summaries_042', 'real_summaries_184', 'real_summaries_d657']",True
real_general_192,general,True,1.0,0.0,1.0,0.5,[2],"['real_facts_d170', 'real_facts_192', 'real_facts_d171', 'real_facts_d172', 'real_facts_153']",True
real_general_193,general,True,1.0,0.0,1.0,0.5,[2],"['real_facts_d174', 'real_facts_193', 'real_facts_d175', 'real_facts_d117', 'real_facts_d119']",True
real_general_194,general,True,0.0,0.0,0.0,0.0,[-1],"['real_summaries_d618', 'real_summaries_d610', 'real_summaries_d619', 'real_summaries_d616', 'real_summaries_d645']",True
real_general_195,general,True,1.0,1.0,1.0,1.0,[1],"['real_summaries_195', 'real_summaries_d645', 'real_summaries_d570', 'real_summaries_d610', 'real_summaries_023']",True
real_technical_help_196,technical_help,True,1.0,1.0,1.0,1.0,[1],"['real_summaries_196', 'real_summaries_d581', 'real_summaries_d570', 'real_summaries_145', 'real_summaries_d593']",True
real_general_197,general,True,1.0,1.0,1.0,1.0,[1],"['real_reflections_197', 'real_reflections_d298', 'real_reflections_d253', 'real_reflections_d236', 'real_reflections_d259']",True
real_general_198,general,True,1.0,1.0,1.0,1.0,[1],"['real_facts_198', 'real_facts_d178', 'real_facts_d063', 'real_facts_d095', 'real_facts_126']",True
real_general_199,general,True,1.0,1.0,1.0,1.0,[1],"['real_conversations_199', 'real_conversations_d527', 'real_conversations_138', 'real_conversations_d550', 'real_conversations_172']",True
